name,seq,cut,size
AarI,GCAGGTG,15,7
AarI,CACCTGC,11,7
AatII,GACGTC,5,6
AbsI,CCTCGAGG,2,8
AccI,GTAGAC,2,6
AccI,GTATAC,2,6
AccI,GTCGAC,2,6
AccI,GTCTAC,2,6
AceIII,GAGCTG,17,6
AceIII,CAGCTC,13,6
AciI,GCGG,3,4
AciI,CCGC,1,4
AclI,AACGTT,2,6
AcyI,GACGCC,2,6
AcyI,GACGTC,2,6
AcyI,GGCGCC,2,6
AcyI,GGCGTC,2,6
AflII,CTTAAG,1,6
AflIII,ACACGT,1,6
AflIII,ACATGT,1,6
AflIII,ACGCGT,1,6
AflIII,ACGTGT,1,6
AgeI,ACCGGT,1,6
AgsI,TTCAA,3,5
AgsI,TTGAA,3,5
AhaIII,TTTAAA,3,6
AjuI,GAANNNNNNNTTGG,25,14
AjuI,CCAANNNNNNNTTC,20,14
AlfI,GCANNNNNNTGC,24,12
AloI,GAACNNNNNNTCC,25,13
AloI,GGANNNNNNGTTC,20,13
AluI,AGCT,2,4
AlwNI,CAGNNNCTG,6,9
ApaBI,GCANNNNNTGC,8,11
ApaI,GGGCCC,5,6
ApaLI,GTGCAC,1,6
ApoI,AAATTC,1,6
ApoI,AAATTT,1,6
ApoI,GAATTC,1,6
ApoI,GAATTT,1,6
ApyPI,ATCGAC,26,6
ApyPI,GTCGAT,24,6
AquII,GCCGNAC,27,7
AquII,GTNCGGC,25,7
AquIV,GAGGAAG,26,7
AquIV,GGGGAAG,26,7
AquIV,CTTCCCC,24,7
AquIV,CTTCCTC,24,7
ArsI,GACNNNNNNTTCG,24,13
ArsI,GACNNNNNNTTTG,24,13
ArsI,CAAANNNNNNGTC,19,13
ArsI,CGAANNNNNNGTC,19,13
AscI,GGCGCGCC,2,8
AsuI,GGNCC,1,5
AsuII,TTCGAA,2,6
AvaI,CCCGAG,1,6
AvaI,CCCGGG,1,6
AvaI,CTCGAG,1,6
AvaI,CTCGGG,1,6
AvaII,GGACC,1,5
AvaII,GGTCC,1,5
AvrII,CCTAGG,1,6
BaeI,ACNNNNGTACC,23,11
BaeI,ACNNNNGTATC,23,11
BaeI,GATACNNNNGT,18,11
BaeI,GGTACNNNNGT,18,11
BalI,TGGCCA,3,6
BamHI,GGATCC,1,6
BarI,GAAGNNNNNNTAC,25,13
BarI,GTANNNNNNCTTC,20,13
BbvCI,GCTGAGG,5,7
BbvCI,CCTCAGC,2,7
BbvI,GCTGC,17,5
BbvI,GCAGC,13,5
BbvII,GTCTTC,12,6
BbvII,GAAGAC,8,6
BccI,GATGG,10,5
BccI,CCATC,9,5
Bce83I,CTTGAG,22,6
Bce83I,CTCAAG,20,6
BcefI,GCCGT,18,5
BcefI,ACGGC,17,5
BcgI,CGANNNNNNTGC,24,12
BcgI,GCANNNNNNTCG,22,12
BciVI,GTATCC,12,6
BciVI,GGATAC,11,6
BclI,TGATCA,1,6
BdaI,TGANNNNNNTCA,24,12
BetI,ACCGGA,1,6
BetI,ACCGGT,1,6
BetI,TCCGGA,1,6
BetI,TCCGGT,1,6
BfiI,ACTGGG,11,6
BfiI,CCCAGT,10,6
BglI,GCCNNNNNGGC,7,11
BglII,AGATCT,1,6
BinI,GATCC,10,5
BinI,GGATC,9,5
BplI,GAGNNNNNCTC,24,11
Bpu10I,GCTNAGG,5,7
Bpu10I,CCTNAGC,2,7
BsaAI,CACGTA,3,6
BsaAI,CACGTG,3,6
BsaAI,TACGTA,3,6
BsaAI,TACGTG,3,6
BsaBI,GATNNNNATC,5,10
BsaXI,ACNNNNNCTCC,21,11
BsaXI,GGAGNNNNNGT,18,11
BsbI,CAACAC,27,6
BsbI,GTGTTG,25,6
BseMI,CTCAG,15,5
BseMI,CTGAG,13,5
BsePI,GCGCGC,1,6
BseRI,GAGGAG,16,6
BseRI,CTCCTC,14,6
BseSI,GGGCAC,5,6
BseSI,GGGCCC,5,6
BseSI,GTGCAC,5,6
BseSI,GTGCCC,5,6
BseYI,GCTGGG,5,6
BseYI,CCCAGC,1,6
BsgI,GTGCAG,22,6
BsgI,CTGCAC,20,6
BsiI,CTCGTG,5,6
BsiI,CACGAG,1,6
BsiYI,CCNNNNNNNGG,7,11
BsmAI,GAGAC,10,5
BsmAI,GTCTC,6,5
BsmI,GAATGC,7,6
BsmI,GCATTC,5,6
Bsp140,TGTACA,1,6
Bsp24I,GACNNNNNNTGG,24,12
Bsp24I,CCANNNNNNGTC,19,12
BspHI,TCATGA,1,6
BspLU1,ACATGT,1,6
BspMI,GCAGGT,14,6
BspMI,ACCTGC,10,6
BspMII,TCCGGA,1,6
BsrBI,CCGCTC,3,6
BsrBI,GAGCGG,3,6
BsrDI,GCAATG,8,6
BsrDI,CATTGC,6,6
BsrI,ACTGG,6,5
BsrI,CCAGT,4,5
BstEII,GGTNACC,1,7
BstXI,CCANNNNNNTGG,8,12
BtgZI,CATCGC,20,6
BtgZI,GCGATG,16,6
BtrI,CACGTC,3,6
BtrI,GACGTG,3,6
BtsI,GCAGTG,8,6
BtsI,CACTGC,6,6
BtsIM,CAGTG,7,5
BtsIM,CACTG,5,5
Cac8I,GCNNGC,3,6
CauII,CCCGG,2,5
CauII,CCGGG,2,5
CchII,GGAAGA,17,6
CchII,GGAGGA,17,6
CchII,TCCTCC,15,6
CchII,TCTTCC,15,6
CchIII,CCCAAG,26,6
CchIII,CTTGGG,24,6
CdiI,CATCG,4,5
CdiI,CGATG,4,5
CdpI,GCGGAG,26,6
CdpI,CTCCGC,24,6
Cfr10I,ACCGGC,1,6
Cfr10I,ACCGGT,1,6
Cfr10I,GCCGGC,1,6
Cfr10I,GCCGGT,1,6
CfrI,CGGCCA,1,6
CfrI,CGGCCG,1,6
CfrI,TGGCCA,1,6
CfrI,TGGCCG,1,6
CjeI,CCANNNNNNGT,26,11
CjeI,ACNNNNNNTGG,20,11
CjeNII,GGAACG,25,6
CjeNII,GGAATG,25,6
CjeNII,GTAACG,25,6
CjeNII,GTAATG,25,6
CjeNII,CATTAC,23,6
CjeNII,CATTCC,23,6
CjeNII,CGTTAC,23,6
CjeNII,CGTTCC,23,6
CjePI,CCANNNNNNNTC,26,12
CjePI,GANNNNNNNTGG,20,12
ClaI,ATCGAT,2,6
CspCI,CAANNNNNGTGG,24,12
CspCI,CCACNNNNNTTG,22,12
CstMI,AAGGAG,26,6
CstMI,CTCCTT,24,6
CviJ,AGCC,2,4
CviJ,AGCT,2,4
CviJ,GGCC,2,4
CviJ,GGCT,2,4
CviR,TGCA,2,4
DdeI,CTNAG,1,5
DraII,AGGNCCC,2,7
DraII,AGGNCCT,2,7
DraII,GGGNCCC,2,7
DraII,GGGNCCT,2,7
DraIII,CACNNNGTG,6,9
DraRI,CAAGNAC,27,7
DraRI,GTNCTTG,25,7
DrdI,GACNNNNNNGTC,7,12
DsaI,CCACGG,1,6
DsaI,CCATGG,1,6
DsaI,CCGCGG,1,6
DsaI,CCGTGG,1,6
Eam1105I,GACNNNNNGTC,6,11
EciI,GGCGGA,17,6
EciI,TCCGCC,15,6
Eco31I,GAGACC,11,6
Eco31I,GGTCTC,7,6
Eco47I,AGCGCT,3,6
Eco57I,CTGAAG,22,6
Eco57I,CTTCAG,20,6
Eco57M,CTGAAG,22,6
Eco57M,CTGGAG,22,6
Eco57M,CTCCAG,20,6
Eco57M,CTTCAG,20,6
EcoNI,CCTNNNNNAGG,5,11
EcoP15,CTGCTG,33,6
EcoP15,CAGCAG,31,6
EcoRI,GAATTC,1,6
EcoRI,CCAGG,0,5
EcoRI,CCTGG,0,5
EcoRV,GATATC,3,6
Esp3I,GAGACG,11,6
Esp3I,CGTCTC,7,6
EspI,GCTNAGC,2,7
FaiI,CATA,2,4
FaiI,CATG,2,4
FaiI,TATA,2,4
FaiI,TATG,2,4
FalI,AAGNNNNNCTT,24,11
FauI,GCGGG,11,5
FauI,CCCGC,9,5
Fnu4H,GCNGC,2,5
FnuD,CGCG,2,4
FokI,CATCC,18,5
FokI,GGATG,14,5
FseI,GGCCGGCC,6,8
FspAI,ATGCGCAC,4,8
FspAI,ATGCGCAT,4,8
FspAI,GTGCGCAC,4,8
FspAI,GTGCGCAT,4,8
GdiII,CGGCCG,5,6
GdiII,TGGCCG,5,6
GdiII,CGGCCA,1,6
GdiII,CGGCCG,1,6
GsuI,CTGGAG,22,6
GsuI,CTCCAG,20,6
HaeI,AGGCCA,3,6
HaeI,AGGCCT,3,6
HaeI,TGGCCA,3,6
HaeI,TGGCCT,3,6
HaeI,GGCC,2,4
HaeII,AGCGCC,5,6
HaeII,AGCGCT,5,6
HaeII,GGCGCC,5,6
HaeII,GGCGCT,5,6
HaeIV,GACNNNNNATC,25,11
HaeIV,GACNNNNNGTC,25,11
HaeIV,GATNNNNNATC,25,11
HaeIV,GATNNNNNGTC,25,11
HgaI,GCGTC,15,5
HgaI,GACGC,10,5
HgiAI,GAGCAC,5,6
HgiAI,GAGCTC,5,6
HgiAI,GTGCAC,5,6
HgiAI,GTGCTC,5,6
HgiCI,GGCACC,1,6
HgiCI,GGCGCC,1,6
HgiCI,GGTACC,1,6
HgiCI,GGTGCC,1,6
HgiJII,GAGCCC,5,6
HgiJII,GAGCTC,5,6
HgiJII,GGGCCC,5,6
HgiJII,GGGCTC,5,6
HhaI,GCGC,3,4
Hin4I,GACNNNNNATC,24,11
Hin4I,GACNNNNNCTC,24,11
Hin4I,GACNNNNNGTC,24,11
Hin4I,GATNNNNNATC,24,11
Hin4I,GATNNNNNCTC,24,11
Hin4I,GATNNNNNGTC,24,11
Hin4I,GACNNNNNATC,19,11
Hin4I,GACNNNNNGTC,19,11
Hin4I,GAGNNNNNATC,19,11
Hin4I,GAGNNNNNGTC,19,11
Hin4I,GATNNNNNATC,19,11
Hin4I,GATNNNNNGTC,19,11
Hin4I,CCTTC,11,5
Hin4I,GAAGG,10,5
HindII,GTCAAC,3,6
HindII,GTCGAC,3,6
HindII,GTTAAC,3,6
HindII,GTTGAC,3,6
HindII,AAGCTT,1,6
HinfI,GANTC,1,5
HpaI,GTTAAC,3,6
HpaI,CCGG,1,4
HphI,GGTGA,13,5
HphI,TCACC,12,5
Hpy178,TCNNGA,2,6
Hpy18,TCNGA,3,5
Hpy99,CGACG,5,5
Hpy99,CGTCG,5,5
KpnI,GGTACC,5,6
Ksp632,GAAGAG,10,6
Ksp632,CTCTTC,7,6
LmnI,GCTCC,6,5
LmnI,GGAGC,4,5
MaeI,ACGT,1,4
MaeI,CTAG,1,4
MaeII,GTNAC,0,5
MaqI,CATTGAC,28,7
MaqI,CGTTGAC,28,7
MaqI,GTCAACG,26,7
MaqI,GTCAATG,26,7
MauBI,CGCGCGCG,2,8
MboI,GATC,0,4
MboII,GAAGA,13,5
MboII,TCTTC,12,5
McrI,CGACCG,4,6
McrI,CGATCG,4,6
McrI,CGGCCG,4,6
McrI,CGGTCG,4,6
MfeI,CAATTG,1,6
MluI,ACGCGT,1,6
MmeI,TCCAAC,26,6
MmeI,TCCGAC,26,6
MmeI,GTCGGA,24,6
MmeI,GTTGGA,24,6
MnlI,CCTC,11,4
MnlI,GAGG,10,4
MseI,TTAA,1,4
MslI,CACNNNNATG,5,10
MslI,CACNNNNGTG,5,10
MslI,CATNNNNATG,5,10
MslI,CATNNNNGTG,5,10
MstI,TGCGCA,3,6
MwoI,GCNNNNNNNGC,7,11
NaeI,GCCGGC,3,6
NarI,GGCGCC,2,6
NcoI,CCATGG,1,6
NdeI,CATATG,2,6
NgoAV,GCCGC,12,5
NgoAV,GCGGC,12,5
NgoAVIII,GACNNNNNTGA,24,11
NgoAVIII,TCANNNNNGTC,22,11
NheI,GCTAGC,1,6
NlaCI,CATCAC,25,6
NlaCI,GTGATG,23,6
NlaI,CATG,4,4
NlaIV,GGNNCC,3,6
NmeAII,GCCGAG,27,6
NmeAII,CTCGGC,25,6
NotI,GCGGCCGC,2,8
NruI,TCGCGA,3,6
NspBII,CAGCGG,3,6
NspBII,CAGCTG,3,6
NspBII,CCGCGG,3,6
NspBII,CCGCTG,3,6
NspI,ACATGC,5,6
NspI,ACATGT,5,6
NspI,GCATGC,5,6
NspI,GCATGT,5,6
OliI,CACNNNNGTG,5,10
PacI,TTAATTAA,5,8
PasI,CCCAGGG,2,7
PasI,CCCTGGG,2,7
PflMI,CCANNNNNTGG,7,11
PfoI,TCCNGGA,1,7
PleI,GACTC,10,5
PleI,GAGTC,9,5
PmaCI,CACGTG,3,6
PmeI,GTTTAAAC,4,8
PpiI,GAACNNNNNCTC,25,12
PpiI,GAGNNNNNGTTC,20,12
PpuMI,AGGACCC,2,7
PpuMI,AGGACCT,2,7
PpuMI,AGGTCCC,2,7
PpuMI,AGGTCCT,2,7
PpuMI,GGGACCC,2,7
PpuMI,GGGACCT,2,7
PpuMI,GGGTCCC,2,7
PpuMI,GGGTCCT,2,7
PshAI,GACNNNNGTC,5,10
PsiI,TTATAA,3,6
PspOMII,CGCCCAA,27,7
PspOMII,CGCCCAG,27,7
PspOMII,CTGGGCG,25,7
PspOMII,TTGGGCG,25,7
PspPRI,CCCCAG,21,6
PspPRI,CCTCAG,21,6
PspPRI,CTGAGG,19,6
PspPRI,CTGGGG,19,6
PspXI,ACTCGAGC,2,8
PspXI,ACTCGAGG,2,8
PspXI,ACTCGAGT,2,8
PspXI,CCTCGAGC,2,8
PspXI,CCTCGAGG,2,8
PspXI,CCTCGAGT,2,8
PspXI,GCTCGAGC,2,8
PspXI,GCTCGAGG,2,8
PspXI,GCTCGAGT,2,8
PsrI,GAACNNNNNNTAC,25,13
PsrI,GTANNNNNNGTTC,20,13
PstI,CTGCAG,5,6
PstII,CATCAG,33,6
PstII,CTGATG,31,6
PvuI,CGATCG,4,6
PvuII,CAGCTG,3,6
RceI,CATCGAC,27,7
RceI,GTCGATG,25,7
RdeGBI,ACCCAG,26,6
RdeGBI,CTGGGT,24,6
RdeGBI,TGACCA,17,6
RdeGBI,TGATCA,17,6
RdeGBI,TGGCCA,17,6
RdeGBI,TGGTCA,17,6
RleAI,CCCACA,18,6
RleAI,TGTGGG,15,6
RpaB5I,CGAGGAC,27,7
RpaB5I,CGGGGAC,27,7
RpaB5I,GTCCCCG,25,7
RpaB5I,GTCCTCG,25,7
RpaBI,CCCGCAG,27,7
RpaBI,CTGCGGG,25,7
RpaI,GTCGGAG,18,7
RpaI,GTTGGAG,18,7
RpaI,CTCCAAC,16,7
RpaI,CTCCGAC,16,7
RsaI,GTAC,2,4
RsrII,CGGACCG,2,7
RsrII,CGGTCCG,2,7
SacI,GAGCTC,5,6
SacII,CCGCGG,4,6
SalI,GTCGAC,1,6
SanDI,GGGACCC,2,7
SanDI,GGGTCCC,2,7
SapI,GAAGAGC,11,7
SapI,GCTCTTC,8,7
SauI,CCTNAGG,2,7
ScaI,AGTACT,3,6
ScrFI,CCNGG,2,5
SdeAI,CAGAAG,27,6
SdeAI,CAGGAG,27,6
SdeAI,CTCCTG,25,6
SdeAI,CTTCTG,25,6
SdeOSI,GACNNNNATGA,23,11
SdeOSI,GACNNNNGTGA,23,11
SdeOSI,TCACNNNNGTC,21,11
SdeOSI,TCATNNNNGTC,21,11
SduI,GAGCAC,5,6
SduI,GAGCCC,5,6
SduI,GAGCTC,5,6
SduI,GGGCAC,5,6
SduI,GGGCCC,5,6
SduI,GGGCTC,5,6
SduI,GTGCAC,5,6
SduI,GTGCCC,5,6
SduI,GTGCTC,5,6
SecI,CCNNGG,1,6
SetI,ACCT,4,4
SetI,ACGT,4,4
SetI,AGCT,4,4
SetI,AGGT,4,4
SexAI,ACCAGGT,1,7
SexAI,ACCTGGT,1,7
SfaNI,GATGC,14,5
SfaNI,GCATC,10,5
SfeI,CTACAG,1,6
SfeI,CTATAG,1,6
SfeI,CTGCAG,1,6
SfeI,CTGTAG,1,6
SfiI,GGCCNNNNNGGCC,8,13
SgfI,GCGATCGC,5,8
SgrAI,CACCGGCG,2,8
SgrAI,CACCGGTG,2,8
SgrAI,CGCCGGCG,2,8
SgrAI,CGCCGGTG,2,8
SgrDI,CGTCGACG,2,8
SimI,GACCC,5,5
SimI,GGGTC,2,5
SmaI,CCCGGG,3,6
SmlI,CTCAAG,1,6
SmlI,CTCGAG,1,6
SmlI,CTTAAG,1,6
SmlI,CTTGAG,1,6
SnaBI,TACGTA,3,6
SpeI,ACTAGT,1,6
SphI,GCATGC,5,6
SplI,CGTACG,1,6
SrfI,GCCCGGGC,4,8
Sse232I,CGCCGGCG,2,8
Sse8387I,CCTGCAGG,6,8
Sse8647,AGGACCT,2,7
Sse8647,AGGTCCT,2,7
SspI,AATATT,3,6
SstE37I,CGAAGAC,27,7
SstE37I,GTCTTCG,25,7
Sth1,CGGG,12,4
Sth1,CCCG,8,4
StuI,AGGCCT,3,6
StyI,CCAAGG,1,6
StyI,CCATGG,1,6
StyI,CCTAGG,1,6
StyI,CCTTGG,1,6
SwaI,ATTTAAAT,4,8
TaqI,TCGA,1,4
TaqII,GACCGA,17,6
TaqII,TCGGTC,15,6
TaqIII,CACCCA,17,6
TaqIII,TGGGTG,15,6
TatI,AGTACA,1,6
TatI,AGTACT,1,6
TatI,TGTACA,1,6
TatI,TGTACT,1,6
TauI,GCCGC,4,5
TauI,GCGGC,4,5
TfiI,GAATC,1,5
TfiI,GATTC,1,5
TseI,GCAGC,1,5
TseI,GCTGC,1,5
TsoI,TAACCA,17,6
TsoI,TAGCCA,17,6
TsoI,TGGCTA,15,6
TsoI,TGGTTA,15,6
Tsp45,GTCAC,0,5
Tsp45,GTGAC,0,5
Tsp4C,ACNGT,3,5
TspDT,ATGAA,16,5
TspDT,TTCAT,14,5
TspE,AATT,0,4
TspGW,ACGGA,16,5
TspGW,TCCGT,14,5
TspRI,CACTG,7,5
TspRI,CAGTG,7,5
TstI,CACNNNNNNTCC,24,12
TstI,GGANNNNNNGTG,19,12
Tth111,CAAACA,17,6
Tth111,CAAGCA,17,6
Tth111,TGCTTG,15,6
Tth111,TGTTTG,15,6
Tth111I,GACNNNGTC,4,9
VspI,ATTAAT,2,6
WviI,CACAAG,27,6
WviI,CACGAG,27,6
WviI,CTCGTG,25,6
WviI,CTTGTG,25,6
XbaI,TCTAGA,1,6
XcmI,CCANNNNNNNNNTGG,8,15
XhoI,CTCGAG,1,6
XhoII,AGATCC,1,6
XhoII,AGATCT,1,6
XhoII,GGATCC,1,6
XhoII,GGATCT,1,6
XmaIII,CGGCCG,1,6
XmnI,GAANNNNTTC,5,10
